run_timestamp,ticker,price_model,sentiment_norm,final_score,rank,actual_close,correct
2026-06-27T00:32:58Z,COST,0.5523,0.7626,0.6154,1,,
2026-06-27T00:32:58Z,BRK-B,0.535,0.7972,0.6137,2,,
2026-06-27T00:32:58Z,V,0.5522,0.7379,0.6079,3,,
2026-06-27T00:32:58Z,GOOGL,0.5518,0.6272,0.5744,4,,
2026-06-27T00:32:58Z,HD,0.5147,0.7106,0.5735,5,,
2026-06-27T00:32:58Z,WMT,0.47,0.8035,0.5701,6,,
2026-06-27T00:32:58Z,AVGO,0.574,0.5581,0.5692,7,,
2026-06-27T00:32:58Z,META,0.5346,0.5931,0.5522,8,,
2026-06-27T00:32:58Z,NVDA,0.5661,0.5164,0.5512,9,,
2026-06-27T00:32:58Z,PG,0.5166,0.6249,0.549,10,,
2026-06-27T00:32:58Z,MA,0.4902,0.6684,0.5437,11,,
2026-06-27T00:32:58Z,AAPL,0.4886,0.6634,0.5411,12,,
2026-06-27T00:32:58Z,JPM,0.4946,0.6368,0.5373,13,,
2026-06-27T00:32:58Z,UNH,0.4794,0.6504,0.5307,14,,
2026-06-27T00:32:58Z,JNJ,0.4563,0.6783,0.5229,15,,
2026-06-27T00:32:58Z,XOM,0.448,0.6835,0.5187,16,,
2026-06-27T00:32:58Z,LLY,0.4402,0.6516,0.5036,17,,
2026-06-27T00:32:58Z,TSLA,0.4444,0.6258,0.4988,18,,
2026-06-27T00:32:58Z,AMZN,0.4277,0.5978,0.4788,19,,
2026-06-27T00:32:58Z,MSFT,0.2573,0.4893,0.3269,20,,
2026-07-15T17:58:11Z,LLY,0.5358,0.6794,0.5789,1,,
2026-07-15T17:58:11Z,TSLA,0.4919,0.778,0.5777,2,,
2026-07-15T17:58:11Z,UNH,0.4943,0.7308,0.5653,3,,
2026-07-15T17:58:11Z,PG,0.5288,0.6358,0.5609,4,,
2026-07-15T17:58:11Z,COST,0.484,0.73,0.5578,5,,
2026-07-15T17:58:11Z,AMZN,0.4475,0.7896,0.5502,6,,
2026-07-15T17:58:11Z,HD,0.4686,0.7252,0.5456,7,,
2026-07-15T17:58:11Z,WMT,0.4818,0.6772,0.5404,8,,
2026-07-15T17:58:11Z,V,0.4828,0.6424,0.5307,9,,
2026-07-15T17:58:11Z,MSFT,0.5468,0.4472,0.5169,10,,
2026-07-15T17:58:11Z,JNJ,0.4693,0.6255,0.5162,11,,
2026-07-15T17:58:11Z,JPM,0.443,0.6729,0.5119,12,,
2026-07-15T17:58:11Z,MA,0.4624,0.6224,0.5104,13,,
2026-07-15T17:58:11Z,BRK-B,0.4495,0.6249,0.5021,14,,
2026-07-15T17:58:11Z,GOOGL,0.4289,0.6204,0.4863,15,,
2026-07-15T17:58:11Z,XOM,0.3727,0.6971,0.47,16,,
2026-07-15T17:58:11Z,NVDA,0.3737,0.6176,0.4469,17,,
2026-07-15T17:58:11Z,AVGO,0.3291,0.6937,0.4385,18,,
2026-07-15T17:58:11Z,AAPL,0.3617,0.6007,0.4334,19,,
2026-07-15T17:58:11Z,META,0.2725,0.5511,0.3561,20,,
2026-07-15T18:00:28Z,WMT,0.5388,0.6772,0.5803,1,,
2026-07-15T18:00:28Z,LLY,0.5358,0.6794,0.5789,2,,
2026-07-15T18:00:28Z,TSLA,0.4919,0.778,0.5777,3,,
2026-07-15T18:00:28Z,UNH,0.4943,0.7308,0.5653,4,,
2026-07-15T18:00:28Z,COST,0.484,0.73,0.5578,5,,
2026-07-15T18:00:28Z,PG,0.517,0.6358,0.5526,6,,
2026-07-15T18:00:28Z,AMZN,0.4475,0.7896,0.5502,7,,
2026-07-15T18:00:28Z,HD,0.4686,0.7252,0.5456,8,,
2026-07-15T18:00:28Z,MSFT,0.5701,0.4599,0.5371,9,,
2026-07-15T18:00:28Z,V,0.4828,0.6491,0.5327,10,,
2026-07-15T18:00:28Z,JNJ,0.4693,0.6255,0.5162,11,,
2026-07-15T18:00:28Z,JPM,0.443,0.6729,0.5119,12,,
2026-07-15T18:00:28Z,MA,0.4624,0.6121,0.5073,13,,
2026-07-15T18:00:28Z,BRK-B,0.4495,0.6249,0.5021,14,,
2026-07-15T18:00:28Z,GOOGL,0.4349,0.5988,0.4841,15,,
2026-07-15T18:00:28Z,XOM,0.3727,0.6971,0.47,16,,
2026-07-15T18:00:28Z,AVGO,0.3291,0.7287,0.449,17,,
2026-07-15T18:00:28Z,NVDA,0.3737,0.589,0.4383,18,,
2026-07-15T18:00:28Z,AAPL,0.3617,0.5842,0.4285,19,,
2026-07-15T18:00:28Z,META,0.2725,0.5511,0.3561,20,,
2026-07-15T18:30:28Z,COST,0.5157,0.73,0.58,1,,
2026-07-15T18:30:28Z,LLY,0.5253,0.6794,0.5715,2,,
2026-07-15T18:30:28Z,XOM,0.5086,0.6971,0.5651,3,,
2026-07-15T18:30:28Z,MSFT,0.5856,0.5095,0.5628,4,,
2026-07-15T18:30:28Z,UNH,0.4943,0.7056,0.5577,5,,
2026-07-15T18:30:28Z,PG,0.517,0.6358,0.5526,6,,
2026-07-15T18:30:28Z,WMT,0.4927,0.6772,0.548,7,,
2026-07-15T18:30:28Z,HD,0.4571,0.7252,0.5375,8,,
2026-07-15T18:30:28Z,JPM,0.4615,0.7067,0.535,9,,
2026-07-15T18:30:28Z,V,0.4828,0.6491,0.5327,10,,
2026-07-15T18:30:28Z,AMZN,0.4717,0.6612,0.5286,11,,
2026-07-15T18:30:28Z,JNJ,0.4693,0.6255,0.5162,12,,
2026-07-15T18:30:28Z,MA,0.4624,0.6121,0.5073,13,,
2026-07-15T18:30:28Z,BRK-B,0.4495,0.6249,0.5021,14,,
2026-07-15T18:30:28Z,GOOGL,0.4349,0.6082,0.4869,15,,
2026-07-15T18:30:28Z,NVDA,0.4121,0.5705,0.4596,16,,
2026-07-15T18:30:28Z,AVGO,0.3291,0.7287,0.449,17,,
2026-07-15T18:30:28Z,AAPL,0.3617,0.6421,0.4458,18,,
2026-07-15T18:30:28Z,TSLA,0.2717,0.778,0.4236,19,,
2026-07-15T18:30:28Z,META,0.2725,0.5722,0.3624,20,,
2026-07-15T19:00:32Z,XOM,0.5677,0.6971,0.6065,1,,
2026-07-15T19:00:32Z,LLY,0.5347,0.6794,0.5781,2,,
2026-07-15T19:00:32Z,COST,0.4974,0.73,0.5672,3,,
2026-07-15T19:00:32Z,MSFT,0.5468,0.5765,0.5557,4,,
2026-07-15T19:00:32Z,UNH,0.4879,0.7056,0.5532,5,,
2026-07-15T19:00:32Z,PG,0.517,0.6358,0.5526,6,,
2026-07-15T19:00:32Z,WMT,0.4927,0.6772,0.548,7,,
2026-07-15T19:00:32Z,HD,0.4711,0.7252,0.5474,8,,
2026-07-15T19:00:32Z,JPM,0.4655,0.7067,0.5378,9,,
2026-07-15T19:00:32Z,GOOGL,0.4754,0.64,0.5248,10,,
2026-07-15T19:00:32Z,V,0.4585,0.662,0.5196,11,,
2026-07-15T19:00:32Z,MA,0.4624,0.636,0.5145,12,,
2026-07-15T19:00:32Z,AMZN,0.4717,0.5884,0.5067,13,,
2026-07-15T19:00:32Z,JNJ,0.4483,0.6356,0.5045,14,,
2026-07-15T19:00:32Z,BRK-B,0.4495,0.6249,0.5021,15,,
2026-07-15T19:00:32Z,TSLA,0.3665,0.778,0.49,16,,
2026-07-15T19:00:32Z,AAPL,0.3617,0.6728,0.455,17,,
2026-07-15T19:00:32Z,NVDA,0.4121,0.5125,0.4423,18,,
2026-07-15T19:00:32Z,AVGO,0.3259,0.6272,0.4163,19,,
2026-07-15T19:00:32Z,META,0.2725,0.5314,0.3502,20,,
2026-07-15T19:30:29Z,AAPL,0.5555,0.6728,0.5907,1,,
2026-07-15T19:30:29Z,TSLA,0.5011,0.778,0.5842,2,,
2026-07-15T19:30:29Z,HD,0.5189,0.7252,0.5808,3,,
2026-07-15T19:30:29Z,LLY,0.5311,0.6794,0.5756,4,,
2026-07-15T19:30:29Z,BRK-B,0.5452,0.6249,0.5691,5,,
2026-07-15T19:30:29Z,V,0.5243,0.662,0.5656,6,,
2026-07-15T19:30:29Z,JPM,0.5045,0.7066,0.5651,7,,
2026-07-15T19:30:29Z,AMZN,0.5534,0.5884,0.5639,8,,
2026-07-15T19:30:29Z,NVDA,0.5622,0.5581,0.5609,9,,
2026-07-15T19:30:29Z,PG,0.5254,0.6421,0.5604,10,,
2026-07-15T19:30:29Z,XOM,0.4998,0.6958,0.5586,11,,
2026-07-15T19:30:29Z,GOOGL,0.5237,0.6344,0.5569,12,,
2026-07-15T19:30:29Z,JNJ,0.5155,0.6513,0.5562,13,,
2026-07-15T19:30:29Z,MSFT,0.5239,0.619,0.5524,14,,
2026-07-15T19:30:29Z,UNH,0.5101,0.6458,0.5508,15,,
2026-07-15T19:30:29Z,WMT,0.4635,0.7067,0.5365,16,,
2026-07-15T19:30:29Z,MA,0.483,0.636,0.5289,17,,
2026-07-15T19:30:29Z,META,0.5045,0.5314,0.5126,18,,
2026-07-15T19:30:29Z,COST,0.3635,0.73,0.4735,19,,
2026-07-15T19:30:29Z,AVGO,0.3154,0.6052,0.4024,20,,
2026-07-15T20:00:40Z,TSLA,0.5516,0.778,0.6195,1,,
2026-07-15T20:00:40Z,META,0.619,0.5463,0.5972,2,,
2026-07-15T20:00:40Z,LLY,0.5579,0.6583,0.588,3,,
2026-07-15T20:00:40Z,AMZN,0.5837,0.5956,0.5872,4,,
2026-07-15T20:00:40Z,JPM,0.5273,0.7066,0.5811,5,,
2026-07-15T20:00:40Z,V,0.5463,0.662,0.581,6,,
2026-07-15T20:00:40Z,GOOGL,0.5305,0.6884,0.5778,7,,
2026-07-15T20:00:40Z,XOM,0.5237,0.6958,0.5753,8,,
2026-07-15T20:00:40Z,PG,0.545,0.6358,0.5722,9,,
2026-07-15T20:00:40Z,BRK-B,0.5429,0.6249,0.5675,10,,
2026-07-15T20:00:40Z,AVGO,0.5458,0.6052,0.5636,11,,
2026-07-15T20:00:40Z,COST,0.4923,0.73,0.5636,12,,
2026-07-15T20:00:40Z,NVDA,0.5371,0.6232,0.5629,13,,
2026-07-15T20:00:40Z,UNH,0.5142,0.6458,0.5537,14,,
2026-07-15T20:00:40Z,HD,0.4791,0.7252,0.553,15,,
2026-07-15T20:00:40Z,JNJ,0.5045,0.6493,0.548,16,,
2026-07-15T20:00:40Z,WMT,0.4705,0.7067,0.5414,17,,
2026-07-15T20:00:40Z,MA,0.5007,0.636,0.5413,18,,
2026-07-15T20:00:40Z,MSFT,0.5077,0.5762,0.5282,19,,
2026-07-15T20:00:40Z,AAPL,0.5135,0.5,0.5095,20,,
2026-07-16T14:30:50Z,JPM,0.5449,0.7191,0.5972,1,,
2026-07-16T14:30:50Z,HD,0.5164,0.7705,0.5926,2,,
2026-07-16T14:30:50Z,AVGO,0.5279,0.7318,0.589,3,,
2026-07-16T14:30:50Z,NVDA,0.544,0.6779,0.5842,4,,
2026-07-16T14:30:50Z,AAPL,0.5084,0.7565,0.5828,5,,
2026-07-16T14:30:50Z,BRK-B,0.5282,0.6986,0.5793,6,,
2026-07-16T14:30:50Z,GOOGL,0.5074,0.7462,0.5791,7,,
2026-07-16T14:30:50Z,MA,0.5205,0.6925,0.5721,8,,
2026-07-16T14:30:50Z,V,0.5028,0.7301,0.571,9,,
2026-07-16T14:30:50Z,TSLA,0.5516,0.6143,0.5704,10,,
2026-07-16T14:30:50Z,MSFT,0.5239,0.6765,0.5697,11,,
2026-07-16T14:30:50Z,LLY,0.5195,0.6849,0.5691,12,,
2026-07-16T14:30:50Z,AMZN,0.4853,0.7597,0.5676,13,,
2026-07-16T14:30:50Z,JNJ,0.519,0.6725,0.565,14,,
2026-07-16T14:30:50Z,PG,0.5297,0.6418,0.5633,15,,
2026-07-16T14:30:50Z,META,0.5045,0.6961,0.562,16,,
2026-07-16T14:30:50Z,WMT,0.4868,0.6937,0.5489,17,,
2026-07-16T14:30:50Z,XOM,0.5098,0.6339,0.547,18,,
2026-07-16T14:30:50Z,UNH,0.5126,0.6072,0.541,19,,
2026-07-16T14:30:50Z,COST,0.4713,0.6682,0.5303,20,,
2026-07-16T17:01:20Z,HD,0.5214,0.7705,0.5961,1,,
2026-07-16T17:01:20Z,BRK-B,0.5429,0.7123,0.5937,2,,
2026-07-16T17:01:20Z,JNJ,0.5155,0.7742,0.5931,3,,
2026-07-16T17:01:20Z,JPM,0.5449,0.7041,0.5927,4,,
2026-07-16T17:01:20Z,MA,0.5391,0.7054,0.589,5,,
2026-07-16T17:01:20Z,COST,0.54,0.7019,0.5885,6,,
2026-07-16T17:01:20Z,LLY,0.5312,0.6396,0.5637,7,,
2026-07-16T17:01:20Z,AAPL,0.493,0.725,0.5626,8,,
2026-07-16T17:01:20Z,V,0.5,0.7008,0.5603,9,,
2026-07-16T17:01:20Z,GOOGL,0.5074,0.677,0.5583,10,,
2026-07-16T17:01:20Z,PG,0.5235,0.6027,0.5473,11,,
2026-07-16T17:01:20Z,XOM,0.5098,0.6339,0.547,12,,
2026-07-16T17:01:20Z,AMZN,0.4691,0.7237,0.5455,13,,
2026-07-16T17:01:20Z,META,0.5363,0.549,0.5401,14,,
2026-07-16T17:01:20Z,WMT,0.48,0.6789,0.5397,15,,
2026-07-16T17:01:20Z,NVDA,0.4999,0.6086,0.5325,16,,
2026-07-16T17:01:20Z,AVGO,0.4747,0.6429,0.5251,17,,
2026-07-16T17:01:20Z,UNH,0.4668,0.619,0.5125,18,,
2026-07-16T17:01:20Z,MSFT,0.5031,0.5128,0.506,19,,
2026-07-16T17:01:20Z,TSLA,0.4455,0.5493,0.4766,20,,
2026-07-16T17:28:15Z,HD,0.522,0.7705,0.5966,1,,
2026-07-16T17:28:15Z,JNJ,0.5155,0.7736,0.5929,2,,
2026-07-16T17:28:15Z,COST,0.5443,0.7019,0.5916,3,,
2026-07-16T17:28:15Z,MA,0.5426,0.7054,0.5914,4,,
2026-07-16T17:28:15Z,BRK-B,0.529,0.7123,0.584,5,,
2026-07-16T17:28:15Z,JPM,0.5449,0.6694,0.5823,6,,
2026-07-16T17:28:15Z,LLY,0.5378,0.6396,0.5684,7,,
2026-07-16T17:28:15Z,AAPL,0.4894,0.7482,0.5671,8,,
2026-07-16T17:28:15Z,WMT,0.5145,0.6789,0.5638,9,,
2026-07-16T17:28:15Z,V,0.5,0.6996,0.5599,10,,
2026-07-16T17:28:15Z,GOOGL,0.5074,0.6765,0.5582,11,,
2026-07-16T17:28:15Z,PG,0.5314,0.6027,0.5528,12,,
2026-07-16T17:28:15Z,XOM,0.5098,0.6339,0.547,13,,
2026-07-16T17:28:15Z,AMZN,0.4685,0.7207,0.5441,14,,
2026-07-16T17:28:15Z,NVDA,0.4999,0.6124,0.5337,15,,
2026-07-16T17:28:15Z,AVGO,0.4747,0.6681,0.5327,16,,
2026-07-16T17:28:15Z,UNH,0.488,0.6351,0.5321,17,,
2026-07-16T17:28:15Z,META,0.5363,0.5204,0.5315,18,,
2026-07-16T17:28:15Z,MSFT,0.5031,0.5203,0.5083,19,,
2026-07-16T17:28:15Z,TSLA,0.4477,0.5493,0.4782,20,,
2026-07-16T17:30:27Z,JNJ,0.5155,0.7736,0.5929,1,,
2026-07-16T17:30:27Z,HD,0.5164,0.7705,0.5926,2,,
2026-07-16T17:30:27Z,COST,0.5443,0.7019,0.5916,3,,
2026-07-16T17:30:27Z,MA,0.5426,0.7054,0.5914,4,,
2026-07-16T17:30:27Z,BRK-B,0.529,0.7123,0.584,5,,
2026-07-16T17:30:27Z,JPM,0.5449,0.6694,0.5823,6,,
2026-07-16T17:30:27Z,LLY,0.5378,0.6396,0.5684,7,,
2026-07-16T17:30:27Z,V,0.5,0.6996,0.5599,8,,
2026-07-16T17:30:27Z,PG,0.5314,0.6027,0.5528,9,,
2026-07-16T17:30:27Z,AAPL,0.4894,0.6943,0.5509,10,,
2026-07-16T17:30:27Z,XOM,0.5098,0.6339,0.547,11,,
2026-07-16T17:30:27Z,WMT,0.4864,0.6789,0.5441,12,,
2026-07-16T17:30:27Z,GOOGL,0.5074,0.6219,0.5418,13,,
2026-07-16T17:30:27Z,AMZN,0.4685,0.7009,0.5382,14,,
2026-07-16T17:30:27Z,MSFT,0.5413,0.5203,0.535,15,,
2026-07-16T17:30:27Z,NVDA,0.4999,0.6124,0.5337,16,,
2026-07-16T17:30:27Z,AVGO,0.4747,0.6681,0.5327,17,,
2026-07-16T17:30:27Z,META,0.5363,0.5204,0.5315,18,,
2026-07-16T17:30:27Z,UNH,0.489,0.5925,0.52,19,,
2026-07-16T17:30:27Z,TSLA,0.4477,0.5493,0.4782,20,,
2026-07-16T18:00:27Z,AMZN,0.6027,0.6768,0.6249,1,,
2026-07-16T18:00:27Z,BRK-B,0.5452,0.729,0.6003,2,,
2026-07-16T18:00:27Z,JNJ,0.519,0.7806,0.5974,3,,
2026-07-16T18:00:27Z,HD,0.5159,0.7705,0.5923,4,,
2026-07-16T18:00:27Z,MA,0.5426,0.6926,0.5876,5,,
2026-07-16T18:00:27Z,COST,0.5207,0.7019,0.5751,6,,
2026-07-16T18:00:27Z,JPM,0.5237,0.6694,0.5674,7,,
2026-07-16T18:00:27Z,NVDA,0.5047,0.7066,0.5653,8,,
2026-07-16T18:00:27Z,WMT,0.5145,0.6789,0.5638,9,,
2026-07-16T18:00:27Z,LLY,0.5195,0.6407,0.5559,10,,
2026-07-16T18:00:27Z,V,0.5,0.6836,0.5551,11,,
2026-07-16T18:00:27Z,XOM,0.5103,0.6339,0.5474,12,,
2026-07-16T18:00:27Z,AAPL,0.493,0.6513,0.5405,13,,
2026-07-16T18:00:27Z,PG,0.5235,0.574,0.5387,14,,
2026-07-16T18:00:27Z,META,0.5363,0.5204,0.5315,15,,
2026-07-16T18:00:27Z,GOOGL,0.5074,0.5846,0.5306,16,,
2026-07-16T18:00:27Z,AVGO,0.4647,0.6681,0.5257,17,,
2026-07-16T18:00:27Z,UNH,0.488,0.5925,0.5193,18,,
2026-07-16T18:00:27Z,MSFT,0.5031,0.5059,0.504,19,,
2026-07-16T18:00:27Z,TSLA,0.4477,0.5377,0.4747,20,,
2026-07-16T18:30:38Z,BRK-B,0.5452,0.729,0.6003,1,,
2026-07-16T18:30:38Z,HD,0.5159,0.7705,0.5923,2,,
2026-07-16T18:30:38Z,MA,0.5426,0.6926,0.5876,3,,
2026-07-16T18:30:38Z,JPM,0.5237,0.7111,0.5799,4,,
2026-07-16T18:30:38Z,JNJ,0.5196,0.7099,0.5767,5,,
2026-07-16T18:30:38Z,COST,0.5207,0.7019,0.5751,6,,
2026-07-16T18:30:38Z,LLY,0.5378,0.6371,0.5676,7,,
2026-07-16T18:30:38Z,GOOGL,0.5421,0.5768,0.5525,8,,
2026-07-16T18:30:38Z,V,0.5,0.6699,0.551,9,,
2026-07-16T18:30:38Z,XOM,0.5103,0.6339,0.5474,10,,
2026-07-16T18:30:38Z,WMT,0.4864,0.6789,0.5441,11,,
2026-07-16T18:30:38Z,META,0.5363,0.5566,0.5424,12,,
2026-07-16T18:30:38Z,AAPL,0.493,0.6501,0.5401,13,,
2026-07-16T18:30:38Z,PG,0.5235,0.574,0.5387,14,,
2026-07-16T18:30:38Z,AMZN,0.4799,0.6744,0.5383,15,,
2026-07-16T18:30:38Z,MSFT,0.5401,0.5278,0.5364,16,,
2026-07-16T18:30:38Z,NVDA,0.4999,0.536,0.5107,17,,
2026-07-16T18:30:38Z,UNH,0.4755,0.5789,0.5065,18,,
2026-07-16T18:30:38Z,AVGO,0.4747,0.5798,0.5062,19,,
2026-07-16T18:30:38Z,TSLA,0.4862,0.5377,0.5017,20,,
2026-07-16T19:56:21Z,HD,0.5293,0.7705,0.6017,1,,
2026-07-16T19:56:21Z,BRK-B,0.5452,0.7312,0.601,2,,
2026-07-16T19:56:21Z,GOOGL,0.5709,0.6345,0.59,3,,
2026-07-16T19:56:21Z,JPM,0.5237,0.7394,0.5884,4,,
2026-07-16T19:56:21Z,JNJ,0.5196,0.7111,0.5771,5,,
2026-07-16T19:56:21Z,LLY,0.5378,0.6436,0.5696,6,,
2026-07-16T19:56:21Z,COST,0.4994,0.7019,0.5602,7,,
2026-07-16T19:56:21Z,V,0.5198,0.6504,0.559,8,,
2026-07-16T19:56:21Z,UNH,0.5234,0.6228,0.5532,9,,
2026-07-16T19:56:21Z,XOM,0.5103,0.6339,0.5474,10,,
2026-07-16T19:56:21Z,AAPL,0.4894,0.6773,0.5458,11,,
2026-07-16T19:56:21Z,MA,0.4995,0.6536,0.5458,12,,
2026-07-16T19:56:21Z,META,0.4867,0.6831,0.5457,13,,
2026-07-16T19:56:21Z,AMZN,0.4849,0.6776,0.5427,14,,
2026-07-16T19:56:21Z,MSFT,0.5157,0.5926,0.5388,15,,
2026-07-16T19:56:21Z,NVDA,0.5047,0.583,0.5282,16,,
2026-07-16T19:56:21Z,PG,0.5224,0.5325,0.5254,17,,
2026-07-16T19:56:21Z,WMT,0.4704,0.6329,0.5191,18,,
2026-07-16T19:56:21Z,AVGO,0.4646,0.5811,0.4995,19,,
2026-07-16T19:56:21Z,TSLA,0.4409,0.5937,0.4867,20,,
2026-07-22T13:31:03Z,AVGO,0.5683,0.6397,0.5897,1,,
2026-07-22T13:31:03Z,V,0.5217,0.7271,0.5833,2,,
2026-07-22T13:31:03Z,META,0.5757,0.5995,0.5829,3,,
2026-07-22T13:31:03Z,MA,0.5259,0.6759,0.5709,4,,
2026-07-22T13:31:03Z,PG,0.545,0.6239,0.5687,5,,
2026-07-22T13:31:03Z,NVDA,0.4999,0.7278,0.5683,6,,
2026-07-22T13:31:03Z,HD,0.486,0.7588,0.5679,7,,
2026-07-22T13:31:03Z,BRK-B,0.5452,0.6044,0.563,8,,
2026-07-22T13:31:03Z,COST,0.4826,0.7254,0.5554,9,,
2026-07-22T13:31:03Z,GOOGL,0.525,0.6248,0.555,10,,
2026-07-22T13:31:03Z,MSFT,0.5157,0.6398,0.5529,11,,
2026-07-22T13:31:03Z,WMT,0.4609,0.7574,0.5499,12,,
2026-07-22T13:31:03Z,JPM,0.5233,0.6084,0.5489,13,,
2026-07-22T13:31:03Z,JNJ,0.5166,0.6106,0.5448,14,,
2026-07-22T13:31:03Z,TSLA,0.5039,0.6373,0.544,15,,
2026-07-22T13:31:03Z,AAPL,0.5135,0.5643,0.5287,16,,
2026-07-22T13:31:03Z,XOM,0.4607,0.6661,0.5223,17,,
2026-07-22T13:31:03Z,UNH,0.4653,0.6435,0.5188,18,,
2026-07-22T13:31:03Z,AMZN,0.4887,0.5513,0.5075,19,,
2026-07-22T13:31:03Z,LLY,0.5378,0.428,0.5049,20,,
2026-07-22T14:00:37Z,META,0.6079,0.5995,0.6054,1,,
2026-07-22T14:00:37Z,MSFT,0.5216,0.68,0.5691,2,,
2026-07-22T14:00:37Z,V,0.5007,0.7271,0.5687,3,,
2026-07-22T14:00:37Z,JNJ,0.5166,0.682,0.5662,4,,
2026-07-22T14:00:37Z,MA,0.5131,0.6759,0.5619,5,,
2026-07-22T14:00:37Z,JPM,0.5389,0.605,0.5587,6,,
2026-07-22T14:00:37Z,WMT,0.4665,0.7722,0.5582,7,,
2026-07-22T14:00:37Z,BRK-B,0.5452,0.5834,0.5567,8,,
2026-07-22T14:00:37Z,TSLA,0.5039,0.6784,0.5563,9,,
2026-07-22T14:00:37Z,PG,0.5192,0.6239,0.5506,10,,
2026-07-22T14:00:37Z,COST,0.4713,0.7254,0.5475,11,,
2026-07-22T14:00:37Z,NVDA,0.5298,0.5877,0.5472,12,,
2026-07-22T14:00:37Z,AMZN,0.5375,0.5672,0.5464,13,,
2026-07-22T14:00:37Z,GOOGL,0.525,0.586,0.5433,14,,
2026-07-22T14:00:37Z,HD,0.4491,0.7588,0.542,15,,
2026-07-22T14:00:37Z,AAPL,0.5281,0.5643,0.539,16,,
2026-07-22T14:00:37Z,UNH,0.4845,0.6435,0.5322,17,,
2026-07-22T14:00:37Z,AVGO,0.4793,0.6411,0.5278,18,,
2026-07-22T14:00:37Z,XOM,0.4711,0.6545,0.5261,19,,
2026-07-22T14:00:37Z,LLY,0.5203,0.4994,0.514,20,,
2026-07-22T14:30:31Z,V,0.5463,0.7271,0.6006,1,,
2026-07-22T14:30:31Z,TSLA,0.557,0.6482,0.5844,2,,
2026-07-22T14:30:31Z,HD,0.4889,0.7588,0.5699,3,,
2026-07-22T14:30:31Z,BRK-B,0.5452,0.6072,0.5638,4,,
2026-07-22T14:30:31Z,JPM,0.5456,0.605,0.5634,5,,
2026-07-22T14:30:31Z,AMZN,0.5253,0.6439,0.5609,6,,
2026-07-22T14:30:31Z,META,0.5559,0.5658,0.5589,7,,
2026-07-22T14:30:31Z,WMT,0.4536,0.7722,0.5492,8,,
2026-07-22T14:30:31Z,MA,0.5007,0.6611,0.5488,9,,
2026-07-22T14:30:31Z,COST,0.4713,0.7254,0.5475,10,,
2026-07-22T14:30:31Z,JNJ,0.4853,0.688,0.5461,11,,
2026-07-22T14:30:31Z,GOOGL,0.5291,0.5857,0.5461,12,,
2026-07-22T14:30:31Z,LLY,0.5579,0.4869,0.5366,13,,
2026-07-22T14:30:31Z,AVGO,0.4793,0.6613,0.5339,14,,
2026-07-22T14:30:31Z,AAPL,0.5261,0.5486,0.5329,15,,
2026-07-22T14:30:31Z,MSFT,0.465,0.68,0.5295,16,,
2026-07-22T14:30:31Z,PG,0.5192,0.5479,0.5278,17,,
2026-07-22T14:30:31Z,XOM,0.4711,0.6545,0.5261,18,,
2026-07-22T14:30:31Z,UNH,0.4653,0.6435,0.5188,19,,
2026-07-22T14:30:31Z,NVDA,0.4999,0.5419,0.5125,20,,
2026-07-22T15:00:32Z,V,0.5463,0.7387,0.6041,1,,
2026-07-22T15:00:32Z,AVGO,0.5689,0.6613,0.5966,2,,
2026-07-22T15:00:32Z,BRK-B,0.5452,0.6607,0.5799,3,,
2026-07-22T15:00:32Z,TSLA,0.5488,0.6269,0.5722,4,,
2026-07-22T15:00:32Z,HD,0.4873,0.7588,0.5688,5,,
2026-07-22T15:00:32Z,MA,0.5217,0.6611,0.5635,6,,
2026-07-22T15:00:32Z,JPM,0.5456,0.605,0.5634,7,,
2026-07-22T15:00:32Z,WMT,0.4665,0.7795,0.5604,8,,
2026-07-22T15:00:32Z,AMZN,0.5265,0.6332,0.5585,9,,
2026-07-22T15:00:32Z,COST,0.4713,0.7254,0.5475,10,,
2026-07-22T15:00:32Z,META,0.5559,0.5218,0.5457,11,,
2026-07-22T15:00:32Z,NVDA,0.5507,0.5191,0.5412,12,,
2026-07-22T15:00:32Z,JNJ,0.4681,0.688,0.5341,13,,
2026-07-22T15:00:32Z,GOOGL,0.525,0.552,0.5331,14,,
2026-07-22T15:00:32Z,MSFT,0.4674,0.6739,0.5293,15,,
2026-07-22T15:00:32Z,PG,0.5187,0.5479,0.5274,16,,
2026-07-22T15:00:32Z,AAPL,0.5342,0.4915,0.5214,17,,
2026-07-22T15:00:32Z,UNH,0.4681,0.6435,0.5207,18,,
2026-07-22T15:00:32Z,LLY,0.5203,0.4869,0.5103,19,,
2026-07-22T15:00:32Z,XOM,0.4763,0.5845,0.5088,20,,
2026-07-22T15:31:01Z,V,0.5217,0.7515,0.5906,1,,
2026-07-22T15:31:01Z,WMT,0.5003,0.7795,0.584,2,,
2026-07-22T15:31:01Z,AMZN,0.5253,0.7114,0.5811,3,,
2026-07-22T15:31:01Z,META,0.5559,0.6281,0.5776,4,,
2026-07-22T15:31:01Z,BRK-B,0.529,0.6607,0.5685,5,,
2026-07-22T15:31:01Z,GOOGL,0.5291,0.6548,0.5668,6,,
2026-07-22T15:31:01Z,TSLA,0.5148,0.6878,0.5667,7,,
2026-07-22T15:31:01Z,NVDA,0.5377,0.6303,0.5655,8,,
2026-07-22T15:31:01Z,COST,0.4945,0.7254,0.5638,9,,
2026-07-22T15:31:01Z,AVGO,0.5453,0.5923,0.5594,10,,
2026-07-22T15:31:01Z,MA,0.521,0.6422,0.5574,11,,
2026-07-22T15:31:01Z,HD,0.4638,0.7588,0.5523,12,,
2026-07-22T15:31:01Z,MSFT,0.4674,0.7169,0.5422,13,,
2026-07-22T15:31:01Z,JNJ,0.4681,0.688,0.5341,14,,
2026-07-22T15:31:01Z,UNH,0.4845,0.6435,0.5322,15,,
2026-07-22T15:31:01Z,JPM,0.5062,0.5879,0.5307,16,,
2026-07-22T15:31:01Z,AAPL,0.5342,0.4849,0.5194,17,,
2026-07-22T15:31:01Z,PG,0.5192,0.5182,0.5189,18,,
2026-07-22T15:31:01Z,XOM,0.4711,0.5845,0.5051,19,,
2026-07-22T15:31:01Z,LLY,0.5221,0.4649,0.5049,20,,
2026-07-22T16:00:29Z,V,0.5217,0.7515,0.5906,1,,
2026-07-22T16:00:29Z,META,0.5589,0.6086,0.5738,2,,
2026-07-22T16:00:29Z,AVGO,0.5458,0.6346,0.5724,3,,
2026-07-22T16:00:29Z,NVDA,0.5352,0.6515,0.5701,4,,
2026-07-22T16:00:29Z,HD,0.4889,0.7588,0.5699,5,,
2026-07-22T16:00:29Z,WMT,0.5032,0.7246,0.5696,6,,
2026-07-22T16:00:29Z,BRK-B,0.529,0.6607,0.5685,7,,
2026-07-22T16:00:29Z,AMZN,0.5253,0.6574,0.5649,8,,
2026-07-22T16:00:29Z,COST,0.4819,0.7426,0.5601,9,,
2026-07-22T16:00:29Z,JNJ,0.5023,0.688,0.558,10,,
2026-07-22T16:00:29Z,GOOGL,0.5291,0.5854,0.546,11,,
2026-07-22T16:00:29Z,MA,0.5007,0.6422,0.5432,12,,
2026-07-22T16:00:29Z,TSLA,0.5039,0.6046,0.5341,13,,
2026-07-22T16:00:29Z,JPM,0.5062,0.5879,0.5307,14,,
2026-07-22T16:00:29Z,AAPL,0.5261,0.5201,0.5243,15,,
2026-07-22T16:00:29Z,PG,0.5242,0.5182,0.5224,16,,
2026-07-22T16:00:29Z,UNH,0.4681,0.6435,0.5207,17,,
2026-07-22T16:00:29Z,MSFT,0.4674,0.6447,0.5206,18,,
2026-07-22T16:00:29Z,XOM,0.4711,0.5845,0.5051,19,,
2026-07-22T16:00:29Z,LLY,0.5221,0.4603,0.5036,20,,
2026-07-22T16:30:36Z,WMT,0.5779,0.6626,0.6033,1,,
2026-07-22T16:30:36Z,V,0.5217,0.7515,0.5906,2,,
2026-07-22T16:30:36Z,META,0.5591,0.6149,0.5759,3,,
2026-07-22T16:30:36Z,TSLA,0.5488,0.6265,0.5721,4,,
2026-07-22T16:30:36Z,AMZN,0.5253,0.672,0.5693,5,,
2026-07-22T16:30:36Z,HD,0.486,0.7588,0.5679,6,,
2026-07-22T16:30:36Z,COST,0.4819,0.7426,0.5601,7,,
2026-07-22T16:30:36Z,MA,0.521,0.6422,0.5574,8,,
2026-07-22T16:30:36Z,BRK-B,0.529,0.5919,0.5479,9,,
2026-07-22T16:30:36Z,AVGO,0.5419,0.5363,0.5402,10,,
2026-07-22T16:30:36Z,AAPL,0.5261,0.57,0.5393,11,,
2026-07-22T16:30:36Z,JNJ,0.4811,0.6751,0.5393,12,,
2026-07-22T16:30:36Z,GOOGL,0.525,0.5395,0.5294,13,,
2026-07-22T16:30:36Z,JPM,0.5062,0.5741,0.5266,14,,
2026-07-22T16:30:36Z,PG,0.5242,0.5182,0.5224,15,,
2026-07-22T16:30:36Z,NVDA,0.5051,0.5555,0.5202,16,,
2026-07-22T16:30:36Z,UNH,0.4653,0.6435,0.5188,17,,
2026-07-22T16:30:36Z,MSFT,0.4889,0.5467,0.5063,18,,
2026-07-22T16:30:36Z,XOM,0.4711,0.5845,0.5051,19,,
2026-07-22T16:30:36Z,LLY,0.5221,0.4603,0.5036,20,,
2026-07-22T17:00:31Z,WMT,0.5779,0.6626,0.6033,1,,
2026-07-22T17:00:31Z,V,0.5217,0.7515,0.5906,2,,
2026-07-22T17:00:31Z,HD,0.4889,0.7588,0.5699,3,,
2026-07-22T17:00:31Z,NVDA,0.5051,0.7074,0.5658,4,,
2026-07-22T17:00:31Z,COST,0.4819,0.7426,0.5601,5,,
2026-07-22T17:00:31Z,BRK-B,0.529,0.6283,0.5588,6,,
2026-07-22T17:00:31Z,JNJ,0.4811,0.7319,0.5563,7,,
2026-07-22T17:00:31Z,MA,0.5137,0.6473,0.5538,8,,
2026-07-22T17:00:31Z,AVGO,0.5422,0.5719,0.5511,9,,
2026-07-22T17:00:31Z,AAPL,0.5261,0.5849,0.5437,10,,
2026-07-22T17:00:31Z,AMZN,0.5253,0.5656,0.5374,11,,
2026-07-22T17:00:31Z,JPM,0.5062,0.5741,0.5266,12,,
2026-07-22T17:00:31Z,TSLA,0.5148,0.5477,0.5247,13,,
2026-07-22T17:00:31Z,META,0.5559,0.4446,0.5225,14,,
2026-07-22T17:00:31Z,PG,0.5242,0.5182,0.5224,15,,
2026-07-22T17:00:31Z,UNH,0.4653,0.6435,0.5188,16,,
2026-07-22T17:00:31Z,LLY,0.5351,0.452,0.5102,17,,
2026-07-22T17:00:31Z,XOM,0.4711,0.5845,0.5051,18,,
2026-07-22T17:00:31Z,GOOGL,0.525,0.4238,0.4947,19,,
2026-07-22T17:00:31Z,MSFT,0.4674,0.4991,0.4769,20,,
2026-07-22T17:30:30Z,WMT,0.5779,0.6626,0.6033,1,,
2026-07-22T17:30:30Z,V,0.5463,0.7289,0.6011,2,,
2026-07-22T17:30:30Z,AAPL,0.5261,0.6781,0.5717,3,,
2026-07-22T17:30:30Z,HD,0.4889,0.7588,0.5699,4,,
2026-07-22T17:30:30Z,BRK-B,0.5429,0.6283,0.5686,5,,
2026-07-22T17:30:30Z,MA,0.5277,0.6473,0.5636,6,,
2026-07-22T17:30:30Z,COST,0.4819,0.7426,0.5601,7,,
2026-07-22T17:30:30Z,JPM,0.5273,0.631,0.5584,8,,
2026-07-22T17:30:30Z,TSLA,0.5488,0.5698,0.5551,9,,
2026-07-22T17:30:30Z,JNJ,0.4638,0.7676,0.5549,10,,
2026-07-22T17:30:30Z,AVGO,0.5422,0.5719,0.5511,11,,
2026-07-22T17:30:30Z,META,0.5589,0.4743,0.5335,12,,
2026-07-22T17:30:30Z,NVDA,0.5051,0.5577,0.5209,13,,
2026-07-22T17:30:30Z,UNH,0.4681,0.6435,0.5207,14,,
2026-07-22T17:30:30Z,PG,0.5187,0.5182,0.5186,15,,
2026-07-22T17:30:30Z,GOOGL,0.5291,0.4557,0.5071,16,,
2026-07-22T17:30:30Z,XOM,0.4711,0.5845,0.5051,17,,
2026-07-22T17:30:30Z,LLY,0.521,0.452,0.5003,18,,
2026-07-22T17:30:30Z,MSFT,0.4854,0.507,0.4919,19,,
2026-07-22T17:30:30Z,AMZN,0.4789,0.5054,0.4868,20,,
2026-07-22T18:00:31Z,AAPL,0.5261,0.6759,0.571,1,,
2026-07-22T18:00:31Z,HD,0.4889,0.7588,0.5699,2,,
2026-07-22T18:00:31Z,MA,0.5277,0.6473,0.5636,3,,
2026-07-22T18:00:31Z,V,0.4903,0.7289,0.5619,4,,
2026-07-22T18:00:31Z,BRK-B,0.529,0.6381,0.5617,5,,
2026-07-22T18:00:31Z,WMT,0.5003,0.691,0.5575,6,,
2026-07-22T18:00:31Z,COST,0.4779,0.7426,0.5573,7,,
2026-07-22T18:00:31Z,JNJ,0.4638,0.7676,0.5549,8,,
2026-07-22T18:00:31Z,AVGO,0.5422,0.5719,0.5511,9,,
2026-07-22T18:00:31Z,TSLA,0.5748,0.4563,0.5392,10,,
2026-07-22T18:00:31Z,GOOGL,0.5291,0.56,0.5384,11,,
2026-07-22T18:00:31Z,JPM,0.4955,0.6225,0.5336,12,,
2026-07-22T18:00:31Z,MSFT,0.4941,0.6196,0.5317,13,,
2026-07-22T18:00:31Z,NVDA,0.5051,0.5796,0.5274,14,,
2026-07-22T18:00:31Z,UNH,0.4681,0.6514,0.5231,15,,
2026-07-22T18:00:31Z,PG,0.5192,0.5182,0.5189,16,,
2026-07-22T18:00:31Z,LLY,0.521,0.4931,0.5126,17,,
2026-07-22T18:00:31Z,XOM,0.4711,0.5845,0.5051,18,,
2026-07-22T18:00:31Z,AMZN,0.4773,0.5325,0.4939,19,,
2026-07-22T18:00:31Z,META,0.4633,0.547,0.4884,20,,
2026-07-23T15:26:20Z,GOOGL,0.8036,0.6269,0.7506,1,,
2026-07-23T15:26:20Z,TSLA,0.7922,0.5865,0.7305,2,,
2026-07-23T15:26:20Z,MSFT,0.6374,0.6763,0.6491,3,,
2026-07-23T15:26:20Z,META,0.5868,0.6154,0.5954,4,,
2026-07-23T15:26:20Z,AVGO,0.5722,0.6444,0.5939,5,,
2026-07-23T15:26:20Z,BRK-B,0.5452,0.7072,0.5938,6,,
2026-07-23T15:26:20Z,JPM,0.5045,0.7446,0.5765,7,,
2026-07-23T15:26:20Z,UNH,0.5239,0.6473,0.5609,8,,
2026-07-23T15:26:20Z,COST,0.4952,0.6862,0.5525,9,,
2026-07-23T15:26:20Z,PG,0.5387,0.5512,0.5425,10,,
2026-07-23T15:26:20Z,V,0.4723,0.7011,0.541,11,,
2026-07-23T15:26:20Z,HD,0.4791,0.6669,0.5354,12,,
2026-07-23T15:26:20Z,AMZN,0.4789,0.6252,0.5228,13,,
2026-07-23T15:26:20Z,LLY,0.4673,0.6398,0.519,14,,
2026-07-23T15:26:20Z,NVDA,0.4894,0.5872,0.5188,15,,
2026-07-23T15:26:20Z,AAPL,0.4568,0.6615,0.5182,16,,
2026-07-23T15:26:20Z,MA,0.4793,0.5775,0.5088,17,,
2026-07-23T15:26:20Z,JNJ,0.4757,0.5639,0.5022,18,,
2026-07-23T15:26:20Z,WMT,0.4313,0.6383,0.4934,19,,
2026-07-23T15:26:20Z,XOM,0.4836,0.4794,0.4824,20,,
2026-07-23T16:00:51Z,GOOGL,0.7532,0.5552,0.6938,1,,
2026-07-23T16:00:51Z,TSLA,0.7922,0.4269,0.6827,2,,
2026-07-23T16:00:51Z,MSFT,0.6195,0.7386,0.6553,3,,
2026-07-23T16:00:51Z,NVDA,0.5757,0.6803,0.6071,4,,
2026-07-23T16:00:51Z,META,0.5868,0.6463,0.6047,5,,
2026-07-23T16:00:51Z,BRK-B,0.5452,0.7264,0.5995,6,,
2026-07-23T16:00:51Z,AVGO,0.56,0.6444,0.5853,7,,
2026-07-23T16:00:51Z,JPM,0.5045,0.7489,0.5778,8,,
2026-07-23T16:00:51Z,UNH,0.5234,0.6473,0.5606,9,,
2026-07-23T16:00:51Z,LLY,0.4673,0.7616,0.5556,10,,
2026-07-23T16:00:51Z,COST,0.4952,0.6862,0.5525,11,,
2026-07-23T16:00:51Z,AMZN,0.4992,0.6567,0.5465,12,,
2026-07-23T16:00:51Z,V,0.4723,0.7011,0.541,13,,
2026-07-23T16:00:51Z,PG,0.5361,0.5512,0.5406,14,,
2026-07-23T16:00:51Z,HD,0.4791,0.6669,0.5354,15,,
2026-07-23T16:00:51Z,AAPL,0.4686,0.6784,0.5316,16,,
2026-07-23T16:00:51Z,JNJ,0.4956,0.5682,0.5174,17,,
2026-07-23T16:00:51Z,XOM,0.5259,0.4794,0.512,18,,
2026-07-23T16:00:51Z,MA,0.472,0.5817,0.5049,19,,
2026-07-23T16:00:51Z,WMT,0.4421,0.6383,0.501,20,,
2026-07-23T16:30:29Z,TSLA,0.7922,0.4932,0.7025,1,,
2026-07-23T16:30:29Z,GOOGL,0.7532,0.5123,0.6809,2,,
2026-07-23T16:30:29Z,MSFT,0.6271,0.603,0.6198,3,,
2026-07-23T16:30:29Z,BRK-B,0.529,0.7264,0.5882,4,,
2026-07-23T16:30:29Z,LLY,0.501,0.7616,0.5792,5,,
2026-07-23T16:30:29Z,JPM,0.4955,0.7489,0.5715,6,,
2026-07-23T16:30:29Z,META,0.5316,0.6565,0.5691,7,,
2026-07-23T16:30:29Z,AVGO,0.5263,0.6444,0.5617,8,,
2026-07-23T16:30:29Z,UNH,0.5234,0.6473,0.5606,9,,
2026-07-23T16:30:29Z,COST,0.4952,0.6862,0.5525,10,,
2026-07-23T16:30:29Z,NVDA,0.5507,0.5405,0.5477,11,,
2026-07-23T16:30:29Z,V,0.4723,0.7077,0.543,12,,
2026-07-23T16:30:29Z,JNJ,0.5319,0.5682,0.5428,13,,
2026-07-23T16:30:29Z,HD,0.4791,0.6669,0.5354,14,,
2026-07-23T16:30:29Z,PG,0.5284,0.5512,0.5353,15,,
2026-07-23T16:30:29Z,MA,0.4793,0.6008,0.5158,16,,
2026-07-23T16:30:29Z,XOM,0.5259,0.4794,0.512,17,,
2026-07-23T16:30:29Z,AAPL,0.4627,0.5968,0.503,18,,
2026-07-23T16:30:29Z,AMZN,0.4465,0.6292,0.5013,19,,
2026-07-23T16:30:29Z,WMT,0.3864,0.6383,0.462,20,,
2026-07-23T17:00:31Z,GOOGL,0.7477,0.6136,0.7075,1,,
2026-07-23T17:00:31Z,TSLA,0.7922,0.4652,0.6941,2,,
2026-07-23T17:00:31Z,BRK-B,0.529,0.7264,0.5882,3,,
2026-07-23T17:00:31Z,LLY,0.5127,0.7616,0.5874,4,,
2026-07-23T17:00:31Z,JPM,0.4955,0.7489,0.5715,5,,
2026-07-23T17:00:31Z,MSFT,0.5928,0.5161,0.5697,6,,
2026-07-23T17:00:31Z,META,0.5239,0.6565,0.5636,7,,
2026-07-23T17:00:31Z,NVDA,0.538,0.6197,0.5625,8,,
2026-07-23T17:00:31Z,AVGO,0.5263,0.6444,0.5617,9,,
2026-07-23T17:00:31Z,UNH,0.5234,0.6473,0.5606,10,,
2026-07-23T17:00:31Z,COST,0.4952,0.7064,0.5585,11,,
2026-07-23T17:00:31Z,AAPL,0.526,0.628,0.5566,12,,
2026-07-23T17:00:31Z,AMZN,0.5023,0.6611,0.55,13,,
2026-07-23T17:00:31Z,V,0.4684,0.7077,0.5402,14,,
2026-07-23T17:00:31Z,HD,0.4791,0.6669,0.5354,15,,
2026-07-23T17:00:31Z,PG,0.5284,0.5512,0.5353,16,,
2026-07-23T17:00:31Z,JNJ,0.5173,0.5682,0.5326,17,,
2026-07-23T17:00:31Z,MA,0.4793,0.6008,0.5158,18,,
2026-07-23T17:00:31Z,WMT,0.4421,0.6383,0.501,19,,
2026-07-23T17:00:31Z,XOM,0.5259,0.434,0.4983,20,,
2026-07-23T17:30:29Z,TSLA,0.7922,0.3826,0.6694,1,,
2026-07-23T17:30:29Z,GOOGL,0.7532,0.3936,0.6453,2,,
2026-07-23T17:30:29Z,BRK-B,0.5429,0.6978,0.5894,3,,
2026-07-23T17:30:29Z,AVGO,0.5569,0.6603,0.5879,4,,
2026-07-23T17:30:29Z,JPM,0.5062,0.7489,0.579,5,,
2026-07-23T17:30:29Z,UNH,0.5239,0.6473,0.5609,6,,
2026-07-23T17:30:29Z,COST,0.4952,0.7064,0.5585,7,,
2026-07-23T17:30:29Z,NVDA,0.5373,0.6032,0.5571,8,,
2026-07-23T17:30:29Z,AMZN,0.5023,0.6487,0.5462,9,,
2026-07-23T17:30:29Z,MSFT,0.5597,0.5109,0.5451,10,,
2026-07-23T17:30:29Z,V,0.4723,0.6938,0.5388,11,,
2026-07-23T17:30:29Z,HD,0.4752,0.6669,0.5327,12,,
2026-07-23T17:30:29Z,JNJ,0.5173,0.5682,0.5326,13,,
2026-07-23T17:30:29Z,LLY,0.4673,0.6637,0.5262,14,,
2026-07-23T17:30:29Z,XOM,0.5259,0.5055,0.5198,15,,
2026-07-23T17:30:29Z,MA,0.4793,0.6008,0.5158,16,,
2026-07-23T17:30:29Z,META,0.5239,0.4954,0.5153,17,,
2026-07-23T17:30:29Z,PG,0.4915,0.5512,0.5094,18,,
2026-07-23T17:30:29Z,AAPL,0.4686,0.5714,0.4995,19,,
2026-07-23T17:30:29Z,WMT,0.4107,0.6383,0.479,20,,
2026-07-23T18:00:30Z,TSLA,0.7922,0.4039,0.6757,1,,
2026-07-23T18:00:30Z,GOOGL,0.7477,0.4419,0.656,2,,
2026-07-23T18:00:30Z,BRK-B,0.5429,0.6978,0.5894,3,,
2026-07-23T18:00:30Z,NVDA,0.544,0.6466,0.5748,4,,
2026-07-23T18:00:30Z,JPM,0.5045,0.7084,0.5656,5,,
2026-07-23T18:00:30Z,AVGO,0.5243,0.6603,0.5651,6,,
2026-07-23T18:00:30Z,UNH,0.5234,0.6473,0.5606,7,,
2026-07-23T18:00:30Z,COST,0.4945,0.7064,0.5581,8,,
2026-07-23T18:00:30Z,MSFT,0.5928,0.4676,0.5552,9,,
2026-07-23T18:00:30Z,HD,0.5001,0.6669,0.5501,10,,
2026-07-23T18:00:30Z,LLY,0.5104,0.6063,0.5392,11,,
2026-07-23T18:00:30Z,AMZN,0.5023,0.6173,0.5368,12,,
2026-07-23T18:00:30Z,PG,0.5284,0.5512,0.5353,13,,
2026-07-23T18:00:30Z,V,0.4723,0.6808,0.5349,14,,
2026-07-23T18:00:30Z,JNJ,0.5292,0.5213,0.5268,15,,
2026-07-23T18:00:30Z,AAPL,0.513,0.5532,0.5251,16,,
2026-07-23T18:00:30Z,META,0.5239,0.5184,0.5222,17,,
2026-07-23T18:00:30Z,MA,0.4781,0.6213,0.5211,18,,
2026-07-23T18:00:30Z,XOM,0.5033,0.4756,0.495,19,,
2026-07-23T18:00:30Z,WMT,0.4313,0.6383,0.4934,20,,
2026-07-23T18:30:29Z,TSLA,0.7922,0.4763,0.6975,1,,
2026-07-23T18:30:29Z,GOOGL,0.7477,0.4442,0.6567,2,,
2026-07-23T18:30:29Z,BRK-B,0.5429,0.6978,0.5894,3,,
2026-07-23T18:30:29Z,AVGO,0.5374,0.6603,0.5742,4,,
2026-07-23T18:30:29Z,UNH,0.5239,0.6473,0.5609,5,,
2026-07-23T18:30:29Z,JPM,0.4955,0.7084,0.5593,6,,
2026-07-23T18:30:29Z,COST,0.4945,0.7064,0.5581,7,,
2026-07-23T18:30:29Z,MSFT,0.5597,0.5082,0.5443,8,,
2026-07-23T18:30:29Z,AMZN,0.5007,0.6446,0.5439,9,,
2026-07-23T18:30:29Z,LLY,0.5127,0.6063,0.5408,10,,
2026-07-23T18:30:29Z,NVDA,0.5256,0.5572,0.5351,11,,
2026-07-23T18:30:29Z,V,0.4684,0.6808,0.5321,12,,
2026-07-23T18:30:29Z,PG,0.5284,0.536,0.5307,13,,
2026-07-23T18:30:29Z,HD,0.4752,0.6416,0.5251,14,,
2026-07-23T18:30:29Z,MA,0.472,0.6213,0.5168,15,,
2026-07-23T18:30:29Z,JNJ,0.5145,0.5213,0.5165,16,,
2026-07-23T18:30:29Z,META,0.5239,0.4848,0.5121,17,,
2026-07-23T18:30:29Z,XOM,0.5259,0.4756,0.5108,18,,
2026-07-23T18:30:29Z,AAPL,0.4627,0.5325,0.4837,19,,
2026-07-23T18:30:29Z,WMT,0.3864,0.6383,0.462,20,,
2026-07-23T19:00:31Z,TSLA,0.7922,0.5112,0.7079,1,,
2026-07-23T19:00:31Z,GOOGL,0.7477,0.4288,0.652,2,,
2026-07-23T19:00:31Z,BRK-B,0.529,0.6978,0.5796,3,,
2026-07-23T19:00:31Z,AVGO,0.5243,0.6603,0.5651,4,,
2026-07-23T19:00:31Z,JPM,0.4955,0.7084,0.5593,5,,
2026-07-23T19:00:31Z,AMZN,0.4992,0.6906,0.5567,6,,
2026-07-23T19:00:31Z,UNH,0.5128,0.6473,0.5531,7,,
2026-07-23T19:00:31Z,COST,0.4796,0.7064,0.5476,8,,
2026-07-23T19:00:31Z,MSFT,0.5581,0.5082,0.5432,9,,
2026-07-23T19:00:31Z,LLY,0.5127,0.6063,0.5408,10,,
2026-07-23T19:00:31Z,V,0.4723,0.6808,0.5349,11,,
2026-07-23T19:00:31Z,NVDA,0.5088,0.5695,0.527,12,,
2026-07-23T19:00:31Z,JNJ,0.5274,0.5213,0.5255,13,,
2026-07-23T19:00:31Z,META,0.5239,0.5215,0.5232,14,,
2026-07-23T19:00:31Z,MA,0.472,0.6213,0.5168,15,,
2026-07-23T19:00:31Z,HD,0.4593,0.6416,0.514,16,,
2026-07-23T19:00:31Z,XOM,0.5259,0.4756,0.5108,17,,
2026-07-23T19:00:31Z,PG,0.4881,0.536,0.5025,18,,
2026-07-23T19:00:31Z,AAPL,0.4686,0.5325,0.4878,19,,
2026-07-23T19:00:31Z,WMT,0.4107,0.6383,0.479,20,,
2026-07-23T19:30:29Z,AMZN,0.5696,0.6906,0.6059,1,,
2026-07-23T19:30:29Z,AVGO,0.5414,0.6603,0.5771,2,,
2026-07-23T19:30:29Z,V,0.5215,0.6808,0.5693,3,,
2026-07-23T19:30:29Z,COST,0.5017,0.7064,0.5631,4,,
2026-07-23T19:30:29Z,UNH,0.5213,0.6473,0.5591,5,,
2026-07-23T19:30:29Z,GOOGL,0.5339,0.6025,0.5545,6,,
2026-07-23T19:30:29Z,XOM,0.568,0.5145,0.552,7,,
2026-07-23T19:30:29Z,JPM,0.4992,0.6552,0.546,8,,
2026-07-23T19:30:29Z,MA,0.5091,0.6213,0.5428,9,,
2026-07-23T19:30:29Z,META,0.5473,0.5215,0.5396,10,,
2026-07-23T19:30:29Z,TSLA,0.5553,0.5003,0.5388,11,,
2026-07-23T19:30:29Z,LLY,0.4882,0.6457,0.5354,12,,
2026-07-23T19:30:29Z,NVDA,0.5233,0.562,0.5349,13,,
2026-07-23T19:30:29Z,AAPL,0.5356,0.5325,0.5347,14,,
2026-07-23T19:30:29Z,BRK-B,0.448,0.7314,0.533,15,,
2026-07-23T19:30:29Z,MSFT,0.5251,0.5082,0.5201,16,,
2026-07-23T19:30:29Z,JNJ,0.5182,0.5213,0.5191,17,,
2026-07-23T19:30:29Z,PG,0.5042,0.536,0.5137,18,,
2026-07-23T19:30:29Z,WMT,0.4504,0.6383,0.5068,19,,
2026-07-23T19:30:29Z,HD,0.4181,0.6416,0.4851,20,,
2026-07-27T14:31:06Z,JNJ,0.5013,0.7028,0.5617,1,,
2026-07-27T14:31:06Z,NVDA,0.4996,0.7016,0.5602,2,,
2026-07-27T14:31:06Z,LLY,0.5284,0.6169,0.555,3,,
2026-07-27T14:31:06Z,WMT,0.4936,0.6982,0.555,4,,
2026-07-27T14:31:06Z,UNH,0.4784,0.731,0.5542,5,,
2026-07-27T14:31:06Z,AVGO,0.5351,0.5868,0.5506,6,,
2026-07-27T14:31:06Z,TSLA,0.5136,0.6298,0.5485,7,,
2026-07-27T14:31:06Z,JPM,0.5185,0.6177,0.5483,8,,
2026-07-27T14:31:06Z,HD,0.4789,0.6989,0.5449,9,,
2026-07-27T14:31:06Z,META,0.5462,0.525,0.5399,10,,
2026-07-27T14:31:06Z,BRK-B,0.4968,0.6323,0.5375,11,,
2026-07-27T14:31:06Z,AMZN,0.5625,0.473,0.5356,12,,
2026-07-27T14:31:06Z,COST,0.5089,0.5843,0.5315,13,,
2026-07-27T14:31:06Z,MA,0.5559,0.4143,0.5134,14,,
2026-07-27T14:31:06Z,AAPL,0.4767,0.594,0.5119,15,,
2026-07-27T14:31:06Z,V,0.5111,0.4622,0.4964,16,,
2026-07-27T14:31:06Z,MSFT,0.4933,0.4788,0.4889,17,,
2026-07-27T14:31:06Z,PG,0.5334,0.3582,0.4809,18,,
2026-07-27T14:31:06Z,GOOGL,0.4476,0.5196,0.4692,19,,
2026-07-27T14:31:06Z,XOM,0.4827,0.362,0.4465,20,,
2026-07-27T15:00:47Z,TSLA,0.5991,0.5954,0.598,1,,
2026-07-27T15:00:47Z,UNH,0.517,0.731,0.5812,2,,
2026-07-27T15:00:47Z,AMZN,0.5625,0.5798,0.5677,3,,
2026-07-27T15:00:47Z,JNJ,0.5013,0.7028,0.5617,4,,
2026-07-27T15:00:47Z,WMT,0.4936,0.6982,0.555,5,,
2026-07-27T15:00:47Z,JPM,0.5185,0.6177,0.5483,6,,
2026-07-27T15:00:47Z,LLY,0.5161,0.6169,0.5463,7,,
2026-07-27T15:00:47Z,META,0.5676,0.4903,0.5444,8,,
2026-07-27T15:00:47Z,BRK-B,0.4968,0.6323,0.5375,9,,
2026-07-27T15:00:47Z,COST,0.5089,0.5843,0.5315,10,,
2026-07-27T15:00:47Z,NVDA,0.5317,0.499,0.5219,11,,
2026-07-27T15:00:47Z,AAPL,0.4775,0.6042,0.5155,12,,
2026-07-27T15:00:47Z,MSFT,0.5219,0.4999,0.5153,13,,
2026-07-27T15:00:47Z,AVGO,0.4892,0.5705,0.5136,14,,
2026-07-27T15:00:47Z,HD,0.4264,0.6989,0.5082,15,,
2026-07-27T15:00:47Z,V,0.5111,0.4463,0.4916,16,,
2026-07-27T15:00:47Z,MA,0.5028,0.4574,0.4892,17,,
2026-07-27T15:00:47Z,PG,0.5304,0.3582,0.4787,18,,
2026-07-27T15:00:47Z,GOOGL,0.4476,0.5205,0.4695,19,,
2026-07-27T15:00:47Z,XOM,0.4317,0.362,0.4108,20,,
2026-07-27T15:30:40Z,TSLA,0.5991,0.5257,0.5771,1,,
2026-07-27T15:30:40Z,AMZN,0.5696,0.5827,0.5735,2,,
2026-07-27T15:30:40Z,JNJ,0.511,0.7028,0.5685,3,,
2026-07-27T15:30:40Z,WMT,0.4936,0.7217,0.562,4,,
2026-07-27T15:30:40Z,UNH,0.4823,0.731,0.5569,5,,
2026-07-27T15:30:40Z,BRK-B,0.5136,0.6323,0.5492,6,,
2026-07-27T15:30:40Z,LLY,0.5161,0.6169,0.5463,7,,
2026-07-27T15:30:40Z,COST,0.5089,0.6282,0.5447,8,,
2026-07-27T15:30:40Z,META,0.5462,0.5401,0.5444,9,,
2026-07-27T15:30:40Z,AVGO,0.5034,0.6386,0.544,10,,
2026-07-27T15:30:40Z,JPM,0.4922,0.6177,0.5298,11,,
2026-07-27T15:30:40Z,NVDA,0.4443,0.672,0.5126,12,,
2026-07-27T15:30:40Z,HD,0.423,0.694,0.5043,13,,
2026-07-27T15:30:40Z,GOOGL,0.4442,0.6329,0.5008,14,,
2026-07-27T15:30:40Z,AAPL,0.4233,0.6593,0.4941,15,,
2026-07-27T15:30:40Z,V,0.5103,0.4463,0.4911,16,,
2026-07-27T15:30:40Z,MSFT,0.4723,0.5232,0.4875,17,,
2026-07-27T15:30:40Z,PG,0.5304,0.3582,0.4787,18,,
2026-07-27T15:30:40Z,MA,0.4116,0.4599,0.4261,19,,
2026-07-27T15:30:40Z,XOM,0.4527,0.362,0.4255,20,,
2026-07-27T16:00:40Z,TSLA,0.6352,0.5257,0.6023,1,,
2026-07-27T16:00:40Z,AMZN,0.5587,0.6575,0.5884,2,,
2026-07-27T16:00:40Z,UNH,0.4823,0.731,0.5569,3,,
2026-07-27T16:00:40Z,JNJ,0.5013,0.685,0.5564,4,,
2026-07-27T16:00:40Z,META,0.5544,0.5515,0.5535,5,,
2026-07-27T16:00:40Z,JPM,0.516,0.6177,0.5465,6,,
2026-07-27T16:00:40Z,LLY,0.5161,0.6169,0.5463,7,,
2026-07-27T16:00:40Z,COST,0.503,0.6282,0.5405,8,,
2026-07-27T16:00:40Z,BRK-B,0.4968,0.6323,0.5375,9,,
2026-07-27T16:00:40Z,HD,0.466,0.694,0.5344,10,,
2026-07-27T16:00:40Z,WMT,0.4473,0.7217,0.5296,11,,
2026-07-27T16:00:40Z,AVGO,0.4985,0.5625,0.5177,12,,
2026-07-27T16:00:40Z,NVDA,0.4744,0.585,0.5076,13,,
2026-07-27T16:00:40Z,V,0.5111,0.4463,0.4916,14,,
2026-07-27T16:00:40Z,MSFT,0.4821,0.4948,0.4859,15,,
2026-07-27T16:00:40Z,PG,0.5334,0.3582,0.4809,16,,
2026-07-27T16:00:40Z,AAPL,0.422,0.6152,0.48,17,,
2026-07-27T16:00:40Z,GOOGL,0.4365,0.5761,0.4784,18,,
2026-07-27T16:00:40Z,XOM,0.5092,0.3446,0.4598,19,,
2026-07-27T16:00:40Z,MA,0.4163,0.4599,0.4294,20,,
2026-07-27T16:30:39Z,TSLA,0.6352,0.5894,0.6214,1,,
2026-07-27T16:30:39Z,META,0.5791,0.6448,0.5988,2,,
2026-07-27T16:30:39Z,AMZN,0.5587,0.6542,0.5874,3,,
2026-07-27T16:30:39Z,UNH,0.517,0.731,0.5812,4,,
2026-07-27T16:30:39Z,JPM,0.516,0.6747,0.5636,5,,
2026-07-27T16:30:39Z,JNJ,0.5013,0.685,0.5564,6,,
2026-07-27T16:30:39Z,WMT,0.4776,0.7217,0.5508,7,,
2026-07-27T16:30:39Z,LLY,0.5161,0.6169,0.5463,8,,
2026-07-27T16:30:39Z,BRK-B,0.4997,0.6323,0.5395,9,,
2026-07-27T16:30:39Z,COST,0.5007,0.6282,0.539,10,,
2026-07-27T16:30:39Z,HD,0.4667,0.694,0.5349,11,,
2026-07-27T16:30:39Z,MSFT,0.4933,0.6193,0.5311,12,,
2026-07-27T16:30:39Z,NVDA,0.4744,0.6467,0.5261,13,,
2026-07-27T16:30:39Z,AAPL,0.4767,0.6326,0.5235,14,,
2026-07-27T16:30:39Z,AVGO,0.4892,0.5625,0.5112,15,,
2026-07-27T16:30:39Z,V,0.5111,0.4688,0.4984,16,,
2026-07-27T16:30:39Z,GOOGL,0.4476,0.6128,0.4972,17,,
2026-07-27T16:30:39Z,PG,0.5296,0.3582,0.4782,18,,
2026-07-27T16:30:39Z,MA,0.4116,0.4599,0.4261,19,,
2026-07-27T16:30:39Z,XOM,0.4441,0.356,0.4177,20,,
2026-07-27T17:00:41Z,AMZN,0.5587,0.7042,0.6024,1,,
2026-07-27T17:00:41Z,META,0.5941,0.6089,0.5985,2,,
2026-07-27T17:00:41Z,UNH,0.517,0.731,0.5812,3,,
2026-07-27T17:00:41Z,JPM,0.4795,0.7432,0.5586,4,,
2026-07-27T17:00:41Z,JNJ,0.5013,0.685,0.5564,5,,
2026-07-27T17:00:41Z,COST,0.503,0.6735,0.5541,6,,
2026-07-27T17:00:41Z,MSFT,0.5327,0.6005,0.553,7,,
2026-07-27T17:00:41Z,TSLA,0.57,0.4953,0.5475,8,,
2026-07-27T17:00:41Z,LLY,0.5161,0.6169,0.5463,9,,
2026-07-27T17:00:41Z,BRK-B,0.4997,0.6323,0.5395,10,,
2026-07-27T17:00:41Z,HD,0.4699,0.694,0.5371,11,,
2026-07-27T17:00:41Z,WMT,0.4478,0.7353,0.5341,12,,
2026-07-27T17:00:41Z,AVGO,0.4985,0.6109,0.5322,13,,
2026-07-27T17:00:41Z,MA,0.5028,0.5092,0.5047,14,,
2026-07-27T17:00:41Z,V,0.5111,0.4883,0.5042,15,,
2026-07-27T17:00:41Z,GOOGL,0.4476,0.6342,0.5036,16,,
2026-07-27T17:00:41Z,AAPL,0.426,0.6326,0.488,17,,
2026-07-27T17:00:41Z,PG,0.5329,0.3582,0.4805,18,,
2026-07-27T17:00:41Z,NVDA,0.4582,0.4662,0.4606,19,,
2026-07-27T17:00:41Z,XOM,0.4317,0.4275,0.4305,20,,
2026-07-27T17:30:41Z,META,0.5941,0.6424,0.6086,1,,
2026-07-27T17:30:41Z,AMZN,0.5587,0.7096,0.604,2,,
2026-07-27T17:30:41Z,JPM,0.516,0.7432,0.5842,3,,
2026-07-27T17:30:41Z,JNJ,0.511,0.7,0.5677,4,,
2026-07-27T17:30:41Z,COST,0.5089,0.6735,0.5583,5,,
2026-07-27T17:30:41Z,WMT,0.4776,0.7353,0.5549,6,,
2026-07-27T17:30:41Z,UNH,0.4784,0.7191,0.5506,7,,
2026-07-27T17:30:41Z,LLY,0.5161,0.6094,0.544,8,,
2026-07-27T17:30:41Z,BRK-B,0.4968,0.6323,0.5375,9,,
2026-07-27T17:30:41Z,HD,0.4667,0.694,0.5349,10,,
2026-07-27T17:30:41Z,MSFT,0.4873,0.6268,0.5291,11,,
2026-07-27T17:30:41Z,AVGO,0.5096,0.5271,0.5149,12,,
2026-07-27T17:30:41Z,V,0.5111,0.5232,0.5147,13,,
2026-07-27T17:30:41Z,TSLA,0.5136,0.5168,0.5146,14,,
2026-07-27T17:30:41Z,AAPL,0.4248,0.674,0.4996,15,,
2026-07-27T17:30:41Z,GOOGL,0.4476,0.6161,0.4981,16,,
2026-07-27T17:30:41Z,PG,0.5334,0.3544,0.4797,17,,
2026-07-27T17:30:41Z,NVDA,0.429,0.5764,0.4732,18,,
2026-07-27T17:30:41Z,XOM,0.4317,0.5468,0.4663,19,,
2026-07-27T17:30:41Z,MA,0.4163,0.4743,0.4337,20,,
2026-07-27T18:00:44Z,META,0.5941,0.6444,0.6092,1,,
2026-07-27T18:00:44Z,JPM,0.5569,0.7168,0.6049,2,,
2026-07-27T18:00:44Z,AMZN,0.5862,0.6321,0.6,3,,
2026-07-27T18:00:44Z,UNH,0.517,0.7191,0.5776,4,,
2026-07-27T18:00:44Z,TSLA,0.5991,0.5054,0.571,5,,
2026-07-27T18:00:44Z,JNJ,0.511,0.6929,0.5656,6,,
2026-07-27T18:00:44Z,COST,0.5089,0.6735,0.5583,7,,
2026-07-27T18:00:44Z,WMT,0.4627,0.7353,0.5445,8,,
2026-07-27T18:00:44Z,LLY,0.5161,0.6094,0.544,9,,
2026-07-27T18:00:44Z,HD,0.4667,0.694,0.5349,10,,
2026-07-27T18:00:44Z,BRK-B,0.4997,0.5883,0.5263,11,,
2026-07-27T18:00:44Z,V,0.5111,0.5572,0.5249,12,,
2026-07-27T18:00:44Z,GOOGL,0.4476,0.6915,0.5207,13,,
2026-07-27T18:00:44Z,MSFT,0.4723,0.6233,0.5176,14,,
2026-07-27T18:00:44Z,AAPL,0.4248,0.6578,0.4947,15,,
2026-07-27T18:00:44Z,AVGO,0.4985,0.4827,0.4938,16,,
2026-07-27T18:00:44Z,MA,0.5075,0.4506,0.4904,17,,
2026-07-27T18:00:44Z,NVDA,0.4443,0.589,0.4877,18,,
2026-07-27T18:00:44Z,PG,0.5334,0.3191,0.4691,19,,
2026-07-27T18:00:44Z,XOM,0.4317,0.5468,0.4663,20,,
2026-07-27T18:19:35Z,JPM,0.5569,0.7328,0.6097,1,,
2026-07-27T18:19:35Z,META,0.5888,0.615,0.5967,2,,
2026-07-27T18:19:35Z,AMZN,0.5587,0.5994,0.5709,3,,
2026-07-27T18:19:35Z,JNJ,0.511,0.6929,0.5656,4,,
2026-07-27T18:19:35Z,COST,0.5089,0.6735,0.5583,5,,
2026-07-27T18:19:35Z,UNH,0.4823,0.7191,0.5533,6,,
2026-07-27T18:19:35Z,LLY,0.5161,0.6094,0.544,7,,
2026-07-27T18:19:35Z,HD,0.4699,0.694,0.5371,8,,
2026-07-27T18:19:35Z,MSFT,0.5022,0.6125,0.5353,9,,
2026-07-27T18:19:35Z,V,0.5111,0.5803,0.5318,10,,
2026-07-27T18:19:35Z,WMT,0.4473,0.7283,0.5316,11,,
2026-07-27T18:19:35Z,NVDA,0.4582,0.6995,0.5306,12,,
2026-07-27T18:19:35Z,BRK-B,0.4968,0.5883,0.5243,13,,
2026-07-27T18:19:35Z,GOOGL,0.4476,0.6599,0.5113,14,,
2026-07-27T18:19:35Z,TSLA,0.5136,0.5054,0.5111,15,,
2026-07-27T18:19:35Z,AAPL,0.4248,0.6994,0.5072,16,,
2026-07-27T18:19:35Z,AVGO,0.5121,0.4657,0.4982,17,,
2026-07-27T18:19:35Z,XOM,0.4448,0.5947,0.4897,18,,
2026-07-27T18:19:35Z,MA,0.5028,0.4334,0.482,19,,
2026-07-27T18:19:35Z,PG,0.5226,0.3243,0.4631,20,,
2026-07-27T18:21:52Z,JPM,0.5507,0.7328,0.6053,1,,
2026-07-27T18:21:52Z,META,0.5888,0.615,0.5967,2,,
2026-07-27T18:21:52Z,AMZN,0.5587,0.5994,0.5709,3,,
2026-07-27T18:21:52Z,JNJ,0.511,0.6929,0.5656,4,,
2026-07-27T18:21:52Z,COST,0.5089,0.6735,0.5583,5,,
2026-07-27T18:21:52Z,UNH,0.4823,0.7191,0.5533,6,,
2026-07-27T18:21:52Z,LLY,0.5161,0.6094,0.544,7,,
2026-07-27T18:21:52Z,MSFT,0.5022,0.6125,0.5353,8,,
2026-07-27T18:21:52Z,HD,0.466,0.694,0.5344,9,,
2026-07-27T18:21:52Z,V,0.5111,0.5803,0.5318,10,,
2026-07-27T18:21:52Z,WMT,0.4473,0.7283,0.5316,11,,
2026-07-27T18:21:52Z,NVDA,0.4582,0.6995,0.5306,12,,
2026-07-27T18:21:52Z,BRK-B,0.4968,0.5883,0.5243,13,,
2026-07-27T18:21:52Z,XOM,0.4915,0.5947,0.5224,14,,
2026-07-27T18:21:52Z,GOOGL,0.4569,0.6599,0.5178,15,,
2026-07-27T18:21:52Z,TSLA,0.5136,0.5054,0.5111,16,,
2026-07-27T18:21:52Z,AAPL,0.4248,0.6994,0.5072,17,,
2026-07-27T18:21:52Z,AVGO,0.5034,0.4657,0.4921,18,,
2026-07-27T18:21:52Z,MA,0.5028,0.4334,0.482,19,,
2026-07-27T18:21:52Z,PG,0.5304,0.3243,0.4685,20,,
2026-07-27T18:30:46Z,META,0.584,0.615,0.5933,1,,
2026-07-27T18:30:46Z,AMZN,0.5587,0.6473,0.5853,2,,
2026-07-27T18:30:46Z,JNJ,0.511,0.6929,0.5656,3,,
2026-07-27T18:30:46Z,JPM,0.4922,0.7328,0.5644,4,,
2026-07-27T18:30:46Z,WMT,0.4936,0.7283,0.564,5,,
2026-07-27T18:30:46Z,COST,0.5089,0.6735,0.5583,6,,
2026-07-27T18:30:46Z,UNH,0.4823,0.7191,0.5533,7,,
2026-07-27T18:30:46Z,LLY,0.5161,0.6094,0.544,8,,
2026-07-27T18:30:46Z,HD,0.466,0.694,0.5344,9,,
2026-07-27T18:30:46Z,V,0.5125,0.5803,0.5329,10,,
2026-07-27T18:30:46Z,MSFT,0.4916,0.6125,0.5279,11,,
2026-07-27T18:30:46Z,XOM,0.4958,0.5947,0.5255,12,,
2026-07-27T18:30:46Z,BRK-B,0.4968,0.5883,0.5243,13,,
2026-07-27T18:30:46Z,TSLA,0.5136,0.5255,0.5172,14,,
2026-07-27T18:30:46Z,NVDA,0.4443,0.6867,0.517,15,,
2026-07-27T18:30:46Z,GOOGL,0.4476,0.6599,0.5113,16,,
2026-07-27T18:30:46Z,AVGO,0.5034,0.4657,0.4921,17,,
2026-07-27T18:30:46Z,AAPL,0.4334,0.608,0.4858,18,,
2026-07-27T18:30:46Z,PG,0.5226,0.3243,0.4631,19,,
2026-07-27T18:30:46Z,MA,0.4163,0.4334,0.4214,20,,
2026-07-27T19:00:39Z,META,0.5941,0.615,0.6004,1,,
2026-07-27T19:00:39Z,AMZN,0.5652,0.6473,0.5898,2,,
2026-07-27T19:00:39Z,JPM,0.5185,0.7328,0.5828,3,,
2026-07-27T19:00:39Z,JNJ,0.511,0.7028,0.5685,4,,
2026-07-27T19:00:39Z,WMT,0.4936,0.7283,0.564,5,,
2026-07-27T19:00:39Z,TSLA,0.5991,0.4662,0.5592,6,,
2026-07-27T19:00:39Z,COST,0.5089,0.6735,0.5583,7,,
2026-07-27T19:00:39Z,UNH,0.4823,0.7191,0.5533,8,,
2026-07-27T19:00:39Z,LLY,0.5161,0.6155,0.5459,9,,
2026-07-27T19:00:39Z,HD,0.466,0.694,0.5344,10,,
2026-07-27T19:00:39Z,V,0.5111,0.5803,0.5318,11,,
2026-07-27T19:00:39Z,BRK-B,0.4968,0.5883,0.5243,12,,
2026-07-27T19:00:39Z,GOOGL,0.4476,0.691,0.5206,13,,
2026-07-27T19:00:39Z,NVDA,0.4443,0.6927,0.5188,14,,
2026-07-27T19:00:39Z,MSFT,0.4723,0.6249,0.518,15,,
2026-07-27T19:00:39Z,AVGO,0.4985,0.4804,0.4931,16,,
2026-07-27T19:00:39Z,XOM,0.4448,0.5947,0.4897,17,,
2026-07-27T19:00:39Z,MA,0.5028,0.4334,0.482,18,,
2026-07-27T19:00:39Z,AAPL,0.4248,0.5703,0.4685,19,,
2026-07-27T19:00:39Z,PG,0.5226,0.3243,0.4631,20,,
2026-07-27T19:30:40Z,TSLA,0.6989,0.5299,0.6482,1,,
2026-07-27T19:30:40Z,JPM,0.5371,0.7328,0.5958,2,,
2026-07-27T19:30:40Z,AMZN,0.5612,0.6348,0.5833,3,,
2026-07-27T19:30:40Z,UNH,0.5203,0.7191,0.5799,4,,
2026-07-27T19:30:40Z,META,0.5685,0.6019,0.5785,5,,
2026-07-27T19:30:40Z,WMT,0.511,0.7283,0.5762,6,,
2026-07-27T19:30:40Z,GOOGL,0.5226,0.6977,0.5751,7,,
2026-07-27T19:30:40Z,JNJ,0.5203,0.7028,0.575,8,,
2026-07-27T19:30:40Z,COST,0.5303,0.6735,0.5733,9,,
2026-07-27T19:30:40Z,LLY,0.5251,0.6548,0.564,10,,
2026-07-27T19:30:40Z,MSFT,0.5262,0.6466,0.5623,11,,
2026-07-27T19:30:40Z,V,0.5213,0.5803,0.539,12,,
2026-07-27T19:30:40Z,MA,0.5304,0.5202,0.5273,13,,
2026-07-27T19:30:40Z,HD,0.4533,0.694,0.5255,14,,
2026-07-27T19:30:40Z,XOM,0.4803,0.5947,0.5147,15,,
2026-07-27T19:30:40Z,AAPL,0.5053,0.5353,0.5143,16,,
2026-07-27T19:30:40Z,NVDA,0.4869,0.5592,0.5086,17,,
2026-07-27T19:30:40Z,BRK-B,0.4723,0.5883,0.5071,18,,
2026-07-27T19:30:40Z,PG,0.538,0.3243,0.4738,19,,
2026-07-27T19:30:40Z,AVGO,0.463,0.4668,0.4642,20,,
